# $Id: standardized_sitenames_dir.txt 1191 2011-02-17 22:45:41Z dgolden $
# Get the latest version of this mapping from http://spreadsheets.google.com/pub?key=tKQOK8JcBcKgI4lnEdGroZQ&output=csv

adelaide=Adelaide
algeria=Algeria
allahabad=Allahabad
amargosa=amargosa
amsterdam=Amsterdam Island
arecibo=Arecibo
argentina=Argentina
ascension=ascension,ascensione
austria=Austria
azerbaijan=Azerbaijan
belgrade=Belgrade,Serbia
bermuda=Bermuda
berthoud=Berthoud
boston=Boston
boulder=Boulder
castlerock=CastleRock
cheyenne=Cheyenne
chistochina=Chistochina,Chistochina ,chisto__,chisto,chistoch
collegepark=CollegePark
coloradosprings=coloradosprings
crete=Crete
cyprus=Cyprus
dartmouth=dartmouth
deltajunction=deltajunction
dotlake=DotLake,dot lake
dublin=dublin
ecuador=Ecuador
egypt=Egypt
elazig=Elazig
ethiopia=Ethiopia,bahir dar
ferraz=EACF
fiji=Fiji
fortcollins=fortcollins
fortyukon=FortYukon
fountain=fountain
gakona=Gakona
gander=Gander
goddard=Goddard
greatfalls=GreatFalls,great falls
greenmountain=greenmountain
haarp=Haarp,haarp (gakona)
healy=Healy
hobart=Hobart
homer=Homer
ireland=Dublin
israel_hermon=Israel-Hermon
israel_sdeboker=Israel-SB,israel,isreal-sb
israel_telaviv=Israel-TAU
itapetininga=brazil_2
japan=Onagawa,Japan
juneau=Juneau
kerguelen=Kerguelen Island,kerguelen
ketchikan=Ketchikan
keywest=KeyWest,key west
kodiak=Kodiak,Port Lions
kolkata=Kolkata,kolkata
kwajalein=Kwajalein
lasvegas=LasVegas
libya=Libya
littleton=littleton
malaysia=Malaysia
melbourne=Melbourne
midway=midway,midway atoll
minot=Minot
mongolia=Mongolia
morocco=Morocco
mountainvillage=mountainvillage
nainital=Nainital
nancay=Nancay
nathaniel_b_palmer=nathaniel b palmer
nigeria=Nigeria
norvick=norvick
oklahoma_central=OklahomaRegionC
oklahoma_east=OklahomaRegionE
oklahoma_north=OklahomaRegionN
oklahoma_south=OklahomaRegionS
oklahoma_west=OklahomaRegionW
penguin_p3=Penguin at AGO P3
penguin_wais=Penguin at WAIS Divide
penguin_sp=Penguin at South Pole
packard=packard roof
palmer=PalmerStation,palmer station,palmerbb,palmer__,palmer
parker=parker
paxson=Paxson
perth=Perth
peru=Peru
philmont=Philmont
pokerflat=Poker Flat,PokerFlat
pueblo=pueblo
rothera=Rothera
rye=rye
sanae=Sanae
sandiego_spawar=spawar
santacruz=santacruz,lmsctf,lmscfb610,santa cruz,santa_cruz
sheridan=Sheridan
shishmaref=shishmaref
sienacollege=SienaCollege,siena college,Siena
slana=Slana
sondrestrom=sondrestrom
southafrica=SouthAfrica
southpole=SouthPole1,South Pole,spole___,spole_sn
stanford=stanford
swider=Swider
sydney=sydney
talkeetna=talkeetna
tangaroa=tangaroa
tashkent=Tashkent,Uzbekistan
taylor=Taylor,Taylor_2
trinidad=trinidad
tunisia=Tunisia,Tunis
uae=UAE,sharjah
valdez=Valdez
veranasi=Varanasi
vernadsky=vernadsky
vieques=vieques
waimea=waimea
wallopsisland=WallopsIslandVLF
walsenburg=Walsenburg
wilcox=Wilcox
yakutat=Yakutat
